ALTERE-1.CH8 | Altered_Chrome_Bold.ch8
ALTERE-2.CH8 | Altered_Chrome.ch8
ALTERE-3.CH8 | Altered_Chrome_Script.ch8
ALTERE-4.CH8 | Altered_Chrome_SemiBold.ch8
ANARCH-1.CH8 | Anarchist.ch8
ANARCH-2.CH8 | Anarchist-Heavy.ch8
ANARCH-3.CH8 | Anarchist_Heavy.ch8
ANARCH-4.CH8 | Anarchist_Short.ch8
ANCHOVY.CH8  | Anchovy.ch8
ANVIL_-1.CH8 | Anvil_Alternate.ch8
ANVIL.CH8    | Anvil.ch8
AREA51.CH8   | Area51.ch8
AREA51-1.CH8 | Area51_Overwide.ch8
AREA51-2.CH8 | Area51_Serif_Bold.ch8
AREA51-3.CH8 | Area51_Serif.ch8
AROUND.CH8   | Around.ch8
ATLAS.CH8    | Atlas.ch8
AUTHOR-1.CH8 | Authorized.ch8
AUTHOR-2.CH8 | Authorized_Edge.ch8
BABYTE-1.CH8 | Babyteeth.ch8
BAMBOO.CH8   | Bamboo.ch8
BAUHAUS.CH8  | Bauhaus.ch8
BEACHB-1.CH8 | Beachball.ch8
BEACHB-2.CH8 | Beachball_Short.ch8
BEASTLY.CH8  | Beastly.ch8
BINNAC-1.CH8 | Binnacle_Bold.ch8
BINNACLE.CH8 | Binnacle.ch8
BINNAC-2.CH8 | Binnacle_Oblique.ch8
BLOOD_-1.CH8 | Blood_Rain.ch8
BROADW-1.CH8 | Broadwary.ch8
BUBBLE-1.CH8 | Bubblegum.ch8
BUBBLE-2.CH8 | Bubblegum_Round.ch8
BYTELE-1.CH8 | Byteletter.ch8
CABARE-1.CH8 | Cabaret_Bold.ch8
CABARET.CH8  | Cabaret.ch8
CABARE-2.CH8 | Cabaret-Pro5.ch8
CABARE-3.CH8 | Cabaret_Semi_Bold.ch8
CAGE_B-1.CH8 | Cage_Bold.ch8
CAGE.CH8 | Cage.ch8
CALSTONE.CH8 | Calstone.ch8
CALSTO-1.CH8 | Calstone_Heavy.ch8
CAPRICA.CH8  | Caprica.ch8
CARTON-1.CH8 | Carton_Bold.ch8
CARTON.CH8   | Carton.ch8
CARTON-2.CH8 | Carton_Tall_Caps.ch8
CHEST_-1.CH8 | Chest_Burster_Bold.ch8
CHEST_-2.CH8 | Chest_Burster.ch8
CHIT_B-1.CH8 | Chit_Bold.ch8
CHIT.CH8     | Chit.ch8
CHUNKY-1.CH8 | Chunky_Monkey.ch8
CINEMA-1.CH8 | Cinema_Bold.ch8
CINEMA.CH8 | Cinema.ch8
CINEMA-2.CH8 | Cinema_Condensed.ch8
CLIPPER.CH8  | Clipper.ch8
COMIC_-1.CH8 | Comic_Fans.ch8
COMPRE-1.CH8 | Compression.ch8
COMPRE-2.CH8 | Compression_Short.ch8
COMPRE-3.CH8 | Compression_Square.ch8
COMPRE-4.CH8 | Compression_Square_Short.ch8
COMPRE-5.CH8 | Compression_Square_Tall_Alt.ch8
COMPRE-6.CH8 | Compression_Square_Tall.ch8
COMPRE-7.CH8 | Compression_Tall.ch8
COMPUTER.CH8 | Computer.ch8
COMPUT-1.CH8 | Computing_60s_Bold.ch8
COMPUT-2.CH8 | Computing_60s.ch8
COMPUT-3.CH8 | Computing_60s_Oblique.ch8
CONAPT-1.CH8 | Conapt_Bold.ch8
CONAPT.CH8   | Conapt.ch8
CONAPT-2.CH8 | Conapt-Pro5.ch8
CONAPT-3.CH8 | Conapt_Semi.ch8
CONVEY-1.CH8 | Conveyance.ch8
COOLANT.CH8  | Coolant.ch8
CREWS.CH8    | Crews.ch8
CUSHION.CH8  | Cushion.ch8
CUSHIO-1.CH8 | Cushion_Light.ch8
CUSHIO-2.CH8 | Cushion_Narrow.ch8
CYBERW-1.CH8 | Cyberwire.ch8
DADDY_-1.CH8 | Daddy_Cool.ch8
DATEL_-1.CH8 | Datel_Replay.ch8
DATEL_-2.CH8 | Datel_Tribute.ch8
DATEL_-3.CH8 | Datel_Tron.ch8
DEAD_F-1.CH8 | Dead_Forest.ch8
DEAF_M-1.CH8 | Deaf_Metal_2020.ch8
DEAF_M-2.CH8 | Deaf_Metal_2020_Square.ch8
DEAF_M-3.CH8 | Deaf_Metal.ch8
DEAN.CH8     | Dean.ch8
DECOR.CH8    | Decor.ch8
DIAMOND.CH8  | Diamond.ch8
DISTRI-1.CH8 | District_Bold.ch8
DISTRICT.CH8 | District.ch8
DISTRI-2.CH8 | District_Comic.ch8
DISTRI-3.CH8 | District_Digital_Bold.ch8
DISTRI-4.CH8 | District_Digital.ch8
DISTRI-5.CH8 | District_Digital_Compressed.ch8
DISTRI-6.CH8 | District_Digital_Outline_Bold.ch8
DISTRI-7.CH8 | District_Digital_Outline.ch8
DISTRI-8.CH8 | District_Outline_Bold.ch8
DISTRI-9.CH8 | District_Outline.ch8
DISTR-10.CH8 | District_Shadow_Bold.ch8
DISTR-11.CH8 | District_Shadow.ch8
DUNNY_-1.CH8 | Dunny_On_The_Wold.ch8
ECLIPSE.CH8  | Eclipse.ch8
EGYPTI-1.CH8 | Egyptian_Mercy_Bold.ch8
EGYPTI-2.CH8 | Egyptian_Mercy.ch8
ELECTR-1.CH8 | Electromagnetic.ch8
EMMALI-1.CH8 | Emmaline_Bold.ch8
EMMALINE.CH8 | Emmaline.ch8
EMMALI-3.CH8 | Emmaline_Heavy.ch8
EMMALI-4.CH8 | Emmaline_Open.ch8
ENVIOU-1.CH8 | Envious_Bold.ch8
ENVIOUS.CH8  | Envious.ch8
ENVIOU-2.CH8 | Envious_Italic.ch8
ENVIOU-3.CH8 | Envious_Serif_Bold.ch8
ENVIOU-4.CH8 | Envious_Serif.ch8
EVERES-1.CH8 | Everest_Bold.ch8
EVEREST.CH8  | Everest.ch8
EVERES-2.CH8 | Everest_Condensed.ch8
EVERES-3.CH8 | Everest_Condensed_SemiBold.ch8
EXPERI-1.CH8 | Experiment88.ch8
FACTOR.CH8   | Factor.ch8
FATALITY.CH8 | Fatality.ch8
FIREBIRD.CH8 | Firebird.ch8
FIRST_-1.CH8 | First_Pass.ch8
FLAMBO-1.CH8 | Flamboyant.ch8
FLICK.CH8    | Flick.ch8
FLORIN.CH8   | Florin.ch8
FORGOT-1.CH8 | Forgotten_Bold.ch8
FORGOT-2.CH8 | Forgotten.ch8
FORGOT-3.CH8 | Forgotten_Heavy_Hand.ch8
FOUNDED.CH8  | Founded.ch8
FOUNDE-1.CH8 | Founded_Clean.ch8
FOUNDE-2.CH8 | Founded_Deco.ch8
FOUNDE-3.CH8 | Founded_Deco_Open.ch8
FOUNTAIN.CH8 | Fountain.ch8
FOUNTA-1.CH8 | Fountain_Joined.ch8
FRANOP-1.CH8 | Franopix_Bold.ch8
FRANOPIX.CH8 | Franopix.ch8
FRANOP-2.CH8 | Franopix_Heavy.ch8
FUSION-1.CH8 | Fusion_Drive_Bold.ch8
FUSION-2.CH8 | Fusion_Drive.ch8
GATTAR-1.CH8 | Gattars_Fork.ch8
GATTAR-2.CH8 | Gattars_Fork_Script.ch8
GEMINI.CH8   | Gemini.ch8
GEMINI-1.CH8 | Gemini_Radar.ch8
GEMMA.CH8    | Gemma.ch8
GEMMA_-1.CH8 | Gemma_Short_Lower.ch8
GOLDEN-1.CH8 | Golden_Air_Bold.ch8
GOLDEN-2.CH8 | Golden_Air.ch8
GOLDEN-3.CH8 | Golden_Air_Rangers.ch8
GOLDEN-4.CH8 | Golden_Air_SemiBold.ch8
HALFLI-1.CH8 | Halfling_Bold.ch8
HALFLING.CH8 | Halfling.ch8
HIGH_N-1.CH8 | High_Noon_Bold.ch8
HIGH_N-2.CH8 | High_Noon.ch8
HOMEST-1.CH8 | Homestead.ch8
HOURGL-1.CH8 | Hourglass_Bold.ch8
HOURGL-2.CH8 | Hourglass.ch8
IDENT.CH8    | Ident.ch8
INKSCR-1.CH8 | Inkscript_Bold.ch8
INKSCR-2.CH8 | Inkscript.ch8
INK_ST-1.CH8 | Ink_Stamp.ch8
INSIGB-1.CH8 | Insigbyte_Bold.ch8
INSIGB-2.CH8 | Insigbyte.ch8
INVASI-1.CH8 | Invasion_Bold.ch8
INVASION.CH8 | Invasion.ch8
INVITA-1.CH8 | Invitation_Sans.ch8
INVITA-2.CH8 | Invitation_Serif_Bold.ch8
INVITA-3.CH8 | Invitation_Serif.ch8
ION_DR-1.CH8 | Ion_Drive.ch8
ISOFELL.CH8  | Isofell.ch8
JAM.CH8      | Jam.ch8
JAM_HE-1.CH8 | Jam_Heavy.ch8
JOSHUA.CH8   | Joshua.ch8
JOURNEY.CH8  | Journey.ch8
KALOPSIA.CH8 | Kalopsia.ch8
KEYTOP.CH8   | Keytop.ch8
KINDNE-1.CH8 | Kindness_Bold.ch8
KINDNESS.CH8 | Kindness.ch8
KONCRETE.CH8 | Koncrete.ch8
LABYRI-1.CH8 | Labyrinth.ch8
LANDER-1.CH8 | Lander_Bold.ch8
LANDER.CH8   | Lander.ch8
LAPSE_-1.CH8 | Lapse_Bold.ch8
LAPSE.CH8    | Lapse.ch8
LAPSE_-2.CH8 | Lapse_Condensed.ch8
LAPSE_-3.CH8 | Lapse_Condensed_Semi_Bold.ch8
LAPSE_-4.CH8 | Lapse_Narrow.ch8
LOCALH-1.CH8 | Localhost_Bold.ch8
LOCALH-2.CH8 | Localhost.ch8
MACH4.CH8    | Mach4.ch8
MACH4_-1.CH8 | Mach4_Wide.ch8
MAGIC5-1.CH8 | Magic5_Bold.ch8
MAGIC5.CH8   | Magic5.ch8
MAGNETIC.CH8 | Magnetic.ch8
MARAIS.CH8   | Marais.ch8
MILD_W-1.CH8 | Mild_West.ch8
MUTUAL.CH8   | Mutual.ch8
NEEDLE-1.CH8 | Needlecast_Bold.ch8
NEEDLE-2.CH8 | Needlecast.ch8
NEEDLE-3.CH8 | Needlecast_Heavy.ch8
NEOFLOW.CH8  | Neoflow.ch8
NIBBLE-1.CH8 | Nibbles_Bold.ch8
NIBBLES.CH8  | Nibbles.ch8
NICETY-1.CH8 | Nicety_Bold.ch8
NICETY.CH8   | Nicety.ch8
NICETY-2.CH8 | Nicety_Semi_Bold.ch8
NO_STE-1.CH8 | No_Step.C64.ch8
NO_STEP.CH8  | No_Step.ch8
NO_STE-2.CH8 | No_Step_Lower.ch8
NOTED.CH8    | Noted.ch8
ORBITE-1.CH8 | Orbiter_Bold.ch8
ORBITER.CH8  | Orbiter.ch8
OUTER.CH8    | Outer.ch8
OUTER_-1.CH8 | Outer_Serif.ch8
OUTRUN-1.CH8 | Outrunner_Inline.ch8
OUTRUN-2.CH8 | Outrunner_Outline.ch8
PANDA.CH8    | Panda.ch8
PARCHM-1.CH8 | Parchment.ch8
PHASE_-1.CH8 | Phase_Shifter.ch8
PHASE_-3.CH8 | Phase_Shifter_Solid.ch8
PINHEAD.CH8  | Pinhead.ch8
PITSTOP.CH8  | Pitstop.ch8
PIXHAR-1.CH8 | Pixharmonix.ch8
PIXIE_-1.CH8 | Pixie_Bell.ch8
PIXIE_-2.CH8 | Pixie_Bell_Stretch.ch8
PIXIE_-3.CH8 | Pixie_Bold.ch8
PIXIE.CH8    | Pixie.ch8
PIXIE_-5.CH8 | Pixie_Digital.ch8
PLATO.CH8    | Plato.ch8
PLOTTE-1.CH8 | Plotter_Bold.ch8
PLOTTER.CH8  | Plotter.ch8
PLOTTE-2.CH8 | Plotter_Condensed.ch8
POLARIS.CH8  | Polaris.ch8
PRECIN-1.CH8 | Precinct_0_Bit.ch8
PRECIN-2.CH8 | Precinct_0.ch8
PRECIN-3.CH8 | Precinct_0_Short.ch8
PRECIN-4.CH8 | Precinct_0_Tiny.ch8
PRECIN-6.CH8 | Precinct_180.ch8
PRECIN-7.CH8 | Precinct_90.ch8
PRELUDE.CH8  | Prelude.ch8
PRIMAR-1.CH8 | Primary_Target.ch8
PRINCE.CH8   | Prince.ch8
PRISM.CH8    | Prism.ch8
PRISM_-1.CH8 | Prism_Simplified.ch8
PRISTI-1.CH8 | Pristine_Bold.ch8
PRISTINE.CH8 | Pristine.ch8
PRISTI-3.CH8 | Pristine_Decay.ch8
PROFORMA.CH8 | Proforma.ch8
PROFOR-1.CH8 | Proforma_Mid_Numeric.ch8
PROFOR-2.CH8 | Proforma_Small_Numeric.ch8
PROTRA-1.CH8 | Protractor.ch8
PUNCH.CH8    | Punch.ch8
QUAKED.CH8   | Quaked.ch8
QUANTRA.CH8  | Quantra.ch8
QUASAR.CH8   | Quasar.ch8
QUICKS-1.CH8 | Quickshot.ch8
RAMSCO-1.CH8 | Ramscoop_Angled.ch8
RAMSCOOP.CH8 | Ramscoop.ch8
RAPTOR-1.CH8 | Raptor_Bold.ch8
RAPTOR.CH8 | Raptor.ch8
RAVEN_-1.CH8 | Raven_Bold.ch8
RAVEN.CH8    | Raven.ch8
RAVEN_-2.CH8 | Raven_SemiBold.ch8
RAZOR.CH8    | Razor.ch8
RAZOR_-1.CH8 | Razor_Rust.ch8
REACTOR.CH8  | Reactor.ch8
REACTO-1.CH8 | Reactor_Heavy.ch8
REACTO-2.CH8 | Reactor_Heavy_Shine.ch8
REACTO-3.CH8 | Reactor_Heavy_Stripe.ch8
REACTO-4.CH8 | Reactor_Leak.ch8
REACTO-5.CH8 | Reactor_Oblique.ch8
REACTO-6.CH8 | Reactor_Serif.ch8
REACTO-7.CH8 | Reactor_Zone.ch8
REBOUN-1.CH8 | Rebound_Open.ch8
REBOUN-2.CH8 | Rebound_Sphere.ch8
REBOUN-3.CH8 | Rebound_Wrap.ch8
REFLEC-1.CH8 | Reflections.ch8
REFLEC-2.CH8 | Reflections_Dark.ch8
REFLEX.CH8   | Reflex.ch8
REVELA-1.CH8 | Revelation_Bold.ch8
REVELA-2.CH8 | Revelation.ch8
REWARD.CH8   | Reward.ch8
REWARD-1.CH8 | Reward_Short.ch8
REYNOL-1.CH8 | Reynolds_Bold.ch8
REYNOLDS.CH8 | Reynolds.ch8
REYNOL-2.CH8 | Reynolds_SemiBold.ch8
RICOCH-1.CH8 | Ricochet_Bold.ch8
RICOCHET.CH8 | Ricochet.ch8
RIVERB-1.CH8 | Riverbank.ch8
RIVETER.CH8  | Riveter.ch8
ROSAND.CH8   | Rosand.ch8
RUNED.CH8    | Runed.ch8
SCRIBE-1.CH8 | Scribe-AGD-5.ch8
SCRIBE-2.CH8 | Scribe_Bold.ch8
SCRIBE.CH8   | Scribe.ch8
SCRIBE-4.CH8 | Scribe_Condensed.ch8
SCRIBE-5.CH8 | Scribe_Condensed_Lowercase.ch8
SCRIBE-6.CH8 | Scribe_Condensed_Smaller_Lowercase.ch8
SCRIBE-8.CH8 | Scribe_Eire.ch8
SCRIBE-9.CH8 | Scribe_Hylean.ch8
SCRIB-10.CH8 | Scribe_Smaller_Lowercase.ch8
SCRIBE-3.CH8 | Scribe_Spaced.ch8
SECTOR-1.CH8 | Sector_One.ch8
SECTOR-2.CH8 | Sector_Two.ch8
SECTOR-4.CH8 | Sector_Zero.ch8
SECURI-1.CH8 | Security_Concepts.ch8
SEGMENT8.CH8 | Segment8.ch8
SHAKED-1.CH8 | Shakedown.ch8
SHINOB-1.CH8 | Shinobi_Extended.ch8
SHURIKEN.CH8 | Shuriken.ch8
SKETCH-1.CH8 | Sketcher_Bold.ch8
SKETCHER.CH8 | Sketcher.ch8
SKID_ROW.CH8 | Skid_Row.ch8
SORCERY.CH8  | Sorcery.ch8
SPACE_-1.CH8 | Space_Opera.ch8
SPECMA-1.CH8 | Specmatic.ch8
SPEEDW-1.CH8 | Speedway_Bold.ch8
SPEEDWAY.CH8 | Speedway.ch8
STANDS-1.CH8 | Standstill.ch8
STAR_R-1.CH8 | Star_Ranger.ch8
STAR_R-2.CH8 | Star_Ranger_Oblique.ch8
STARS.CH8    | Stars.ch8
STARS_-1.CH8 | Stars_Square.ch8
STEPPE-1.CH8 | Stepper_Bold.ch8
STEPPER.CH8  | Stepper.ch8
STEPPE-2.CH8 | Stepper_Cut.ch8
STREET-1.CH8 | Streetdoc.ch8
STRIKE-1.CH8 | Striker_Bold.ch8
STRIKER.CH8  | Striker.ch8
STRIKE-2.CH8 | Striker_SemiBold.ch8
SUBMER-1.CH8 | Submerged_Bold.ch8
SUBMER-2.CH8 | Submerged.ch8
SYNCWA-1.CH8 | Syncwave_Bubble.ch8
SYNCWAVE.CH8 | Syncwave.ch8
TENANT-1.CH8 | Tenant_Bold.ch8
TENANT.CH8   | Tenant.ch8
TENANT-2.CH8 | Tenant_Digital.ch8
TENTAC-1.CH8 | Tentacle_Bold.ch8
TENTACLE.CH8 | Tentacle.ch8
TIPPED.CH8   | Tipped.ch8
TORMENT.CH8  | Torment.ch8
TORQUE.CH8   | Torque.ch8
TOUCH_-1.CH8 | Touch_Down.ch8
TOUCH_UP.CH8 | Touch_Up.ch8
TRACK4-1.CH8 | Track40_Lower.ch8
TRACK4-2.CH8 | Track40_Upper.ch8
TREATISE.CH8 | Treatise.ch8
TROUBLE.CH8  | Trouble.ch8
TRUFFL-1.CH8 | Truffle_Shuffle.ch8
TUNER.CH8    | Tuner.ch8
TYCHO.CH8    | Tycho.ch8
ULTIMA-1.CH8 | Ultimatum.ch8
UNCIAL.CH8   | Uncial.ch8
UNDEAD.CH8   | Undead.ch8
VALLEY.CH8   | Valley.ch8
VALOUR.CH8   | Valour.ch8
VALOUR-1.CH8 | Valour_Sharp.ch8
VELOCITY.CH8 | Velocity.ch8
VERTIGO.CH8  | Vertigo.ch8
VINDIC-1.CH8 | Vindicated.ch8
WATCHF-1.CH8 | Watchface_Bold.ch8
WATCHF-2.CH8 | Watchface.ch8
WATERL-1.CH8 | Waterlily.ch8
WIDGET-1.CH8 | Widget_Bold.ch8
WIDGET.CH8   | Widget.ch8
WINTER-1.CH8 | Winterforge.ch8
XCELER-1.CH8 | Xcelerant.ch8
XCERPT.CH8   | Xcerpt.ch8
YAROZE.CH8   | Yaroze.ch8
YAROZE-1.CH8 | Yaroze_SemiBold.ch8
YOU_SQ-1.CH8 | You_Squared_Bold.ch8
YOU_SQ-2.CH8 | You_Squared.ch8
YOU_SQ-3.CH8 | You_Squared_Wide.ch8
ZX_BAV-1.CH8 | ZX_Baveuse.ch8
ZX_BEN-1.CH8 | ZX_Benguiat_Bold.ch8
ZX_BEN-2.CH8 | ZX_Benguiat.ch8
ZX_CHI-1.CH8 | ZX_Chicago.ch8
ZX_CHI-2.CH8 | ZX_Chicago_Pod.ch8
ZX_CHI-4.CH8 | ZX_Chicago_Twiggy.ch8
ZX_COU-1.CH8 | ZX_Courier_Bold.ch8
ZX_COU-2.CH8 | ZX_Courier.ch8
ZX_EUR-1.CH8 | ZX_Eurostile.ch8
ZX_EUR-2.CH8 | ZX_Eurostile_Wider.ch8
ZX_EXT-1.CH8 | ZX_Extendomatic.ch8
ZX_MAV-1.CH8 | ZX_Maverick.ch8
ZX_MEG-1.CH8 | ZX_Megascope.ch8
ZX_OCR-1.CH8 | ZX_OCR-B-Pro5.ch8
ZX_PAL-1.CH8 | ZX_Palm_Bold.ch8
ZX_PALM.CH8  | ZX_Palm.ch8
ZX_PEI-1.CH8 | ZX_Peignot.ch8
ZX_RAM-1.CH8 | ZX_Ramona_Bold.ch8
ZX_RAM-3.CH8 | ZX_Ramona.ch8
ZX_RAM-4.CH8 | ZX_Ramona_Closer.ch8
ZX_RUS-1.CH8 | ZX_Rustproof.ch8
ZX_SIE-1.CH8 | ZX_Sierra_Quest.ch8
ZX_SYS-1.CH8 | ZX_System_X3.ch8
ZX_TIMES.CH8 | ZX_Times.ch8
ZX_VEN-1.CH8 | ZX_Venice.ch8
